{
  "stages": [
    {
      "name": "baseline",
      "captured_at": "2026-05-12T03:01:18Z",
      "commit": "e07a785",
      "results": {
        "reverse_50": {
          "reverse": {
            "_": 659.5880291174398
          },
          "forward": {
            "_": 649.0919119337477
          }
        },
        "repeated_layouts_x100": {
          "": {
            "sweeten": 112868.50774803694,
            "iced": 87324.86845867209
          }
        },
        "align_self_overrides_50": {
          "": {
            "sweeten": 653.3297720721222
          }
        },
        "align_items_50": {
          "center": {
            "iced": 2026.105382205097,
            "sweeten": 2176.24832447616
          },
          "start": {
            "iced": 2024.8440711436276,
            "sweeten": 2172.851788882965
          },
          "end": {
            "iced": 2028.82246685223,
            "sweeten": 2182.5155603325957
          },
          "stretch": {
            "sweeten": 2188.579614221795
          }
        },
        "padding_gap_grow_20": {
          "": {
            "sweeten": 1103.8559642901623,
            "iced": 785.3335559040183
          }
        },
        "wide_bounds_100": {
          "": {
            "sweeten": 4071.3319471518944,
            "iced": 3457.369041068789
          }
        },
        "heterogeneous_50_children": {
          "": {
            "sweeten": 2159.013394299282,
            "iced": 1832.580206252067
          }
        },
        "micro_solve_main_sizes": {
          "justify_offsets": {
            "_": 1.7771432504485452
          },
          "solve_main_sizes/10": {
            "_": 29.646202563703028
          },
          "solve_main_sizes/100": {
            "_": 165.43770157085407
          },
          "solve_main_sizes/1000": {
            "_": 1574.7866878502816
          }
        },
        "tight_bounds_100": {
          "": {
            "sweeten": 4041.2580199723902,
            "iced": 3445.7141021790508
          }
        },
        "nested_one_level_5x5": {
          "": {
            "sweeten": 1905.9306589550722,
            "iced": 1330.2824616281882
          }
        },
        "grow_three_children": {
          "": {
            "sweeten": 278.0525835569934,
            "iced": 171.069171572854
          }
        },
        "vertical_column_fixed": {
          "100": {
            "iced": 3336.90171691186,
            "sweeten": 4027.3876011920115
          },
          "1000": {
            "iced": 34835.54463142248,
            "sweeten": 41631.7970457386
          }
        },
        "shrink_under_deficit": {
          "300": {
            "iced": 10558.744156503426,
            "sweeten": 11994.021332627186
          },
          "30": {
            "iced": 1136.8136889412376,
            "sweeten": 1316.1442539213174
          },
          "3": {
            "iced": 170.82055300856098,
            "sweeten": 254.73278699607533
          }
        },
        "deeply_nested": {
          "d8_f3": {
            "iced": 545800.6292845733,
            "sweeten": 763427.347293087
          },
          "d10_f3": {
            "iced": 5092016.075,
            "sweeten": 7266593.1866666665
          }
        },
        "justify_content_20": {
          "around": {
            "iced": 1441.5483405697926,
            "sweeten": 1002.783428247436
          },
          "center": {
            "iced": 858.662114976426,
            "sweeten": 993.0115271549968
          },
          "start": {
            "iced": 777.1979498244755,
            "sweeten": 994.2934138980861
          },
          "evenly": {
            "iced": 1430.5695037497158,
            "sweeten": 1001.3527156524532
          },
          "between": {
            "iced": 1369.3549975052636,
            "sweeten": 1011.4225227868744
          },
          "end": {
            "iced": 850.0033378423054,
            "sweeten": 999.6172679970254
          }
        },
        "basis_mix_20": {
          "": {
            "sweeten": 980.690110183081,
            "iced": 797.9145896352227
          }
        },
        "throughput_row_fixed": {
          "10": {
            "iced": 452.4348279584407,
            "sweeten": 549.5800815298777
          },
          "100": {
            "iced": 3753.7182352619798,
            "sweeten": 3910.7621506343153
          },
          "1000": {
            "iced": 39974.70739125858,
            "sweeten": 40373.808292873146
          }
        }
      }
    },
    {
      "name": "inlined",
      "captured_at": "2026-05-12T03:12:26Z",
      "commit": "e07a785",
      "results": {
        "reverse_50": {
          "reverse": {
            "_": 534.9350083015428
          },
          "forward": {
            "_": 535.8612445818482
          }
        },
        "repeated_layouts_x100": {
          "": {
            "sweeten": 108537.86283824359,
            "iced": 85113.16355181632
          }
        },
        "align_self_overrides_50": {
          "": {
            "sweeten": 529.3237296151924
          }
        },
        "align_items_50": {
          "center": {
            "iced": 2014.9284151322095,
            "sweeten": 2108.6437132476995
          },
          "start": {
            "iced": 2018.2732744342907,
            "sweeten": 2094.630552046251
          },
          "end": {
            "iced": 2026.5031515274231,
            "sweeten": 2105.8156713438207
          },
          "stretch": {
            "sweeten": 2097.829410271218
          }
        },
        "padding_gap_grow_20": {
          "": {
            "sweeten": 1101.3372318768913,
            "iced": 792.24648495442
          }
        },
        "wide_bounds_100": {
          "": {
            "sweeten": 3919.388843952132,
            "iced": 3434.001331322476
          }
        },
        "heterogeneous_50_children": {
          "": {
            "sweeten": 2044.0897491123628,
            "iced": 1798.5343284816427
          }
        },
        "micro_solve_main_sizes": {
          "justify_offsets": {
            "_": 1.9773889483561862
          },
          "solve_main_sizes/10": {
            "_": 29.003999613470565
          },
          "solve_main_sizes/100": {
            "_": 160.44832077006728
          },
          "solve_main_sizes/1000": {
            "_": 1518.8951037953013
          }
        },
        "tight_bounds_100": {
          "": {
            "sweeten": 3881.840355271501,
            "iced": 3424.835461303365
          }
        },
        "nested_one_level_5x5": {
          "": {
            "sweeten": 1708.7601376713972,
            "iced": 1328.4116416703525
          }
        },
        "grow_three_children": {
          "": {
            "sweeten": 235.67115462756385,
            "iced": 170.85535885923954
          }
        },
        "vertical_column_fixed": {
          "100": {
            "iced": 3240.9642399548966,
            "sweeten": 3914.9410476043563
          },
          "1000": {
            "iced": 33884.194568638784,
            "sweeten": 40340.58754109077
          }
        },
        "shrink_under_deficit": {
          "300": {
            "iced": 10121.176542573341,
            "sweeten": 11780.631643345328
          },
          "30": {
            "iced": 1113.4356377952643,
            "sweeten": 1264.5798654109337
          },
          "3": {
            "iced": 159.2683525820769,
            "sweeten": 220.24980872025438
          }
        },
        "deeply_nested": {
          "d8_f3": {
            "iced": 529002.0565057201,
            "sweeten": 695884.0314039935
          },
          "d10_f3": {
            "iced": 4843222.45,
            "sweeten": 6423474.427142858
          }
        },
        "justify_content_20": {
          "around": {
            "iced": 1398.0648299235233,
            "sweeten": 959.2337428104821
          },
          "center": {
            "iced": 882.2037248790434,